Pidor	Suka	+21357468	12345t6789
Pidor	Suka	+21357468	12345t6789
Pidor	Suka	+21357468	12345t6789
Pidor	Suka	+21357468	12345t6789
Pidor	Suka	+21357468	12345t6789
Pidor	Suka	+21357468	12345t6789
Pidor	Suka	+21357468	12345t6789
Pidor	Suka	+21357468	12345t6789
Pidor	Suka	+21357468	12345t6789
Pidor	Suka	+21357468	12345t6789
Pidor	Suka	+21357468	12345t6789
Pidor	Suka	+21357468	12345t6789
Pidor	Suka	+21357468	12345t6789
Pidor	Suka	+21357468	12345t6789
Pidor	Suka	+21357468	12345t6789
Pidor	Suka	+21357468	12345t6789
Pidor	Suka	+21357468	12345t6789
Pidor	Suka	+21357468	12345t6789
